palabra,d1,d2,d3,d4,d5,d6,d7,d8,d9,d10,d11,d12,d13,d14,d15,d16,d17,d18,d19,d20,d21,d22,d23,d24,d25,d26,d27,d28,d29,d30,d31,d32,d33,d34,d35,d36,d37,d38,d39,d40,d41,d42,d43,d44,d45,d46,d47,d48,d49,d50
king,0.50451,0.68607,-0.59517,-0.022801,0.60046,-0.13498,-0.08813,0.47377,-0.61798,-0.31012,-0.076666,1.493,-0.034189,-0.98173,0.68229,0.81722,-0.51874,-0.31503,-0.55809,0.66421,0.1961,-0.13495,-0.11476,-0.30344,0.41177,-2.223,-1.0756,-1.0783,-0.34354,0.33505,1.9927,-0.04234,-0.64319,0.71125,0.49159,0.16754,0.34344,-0.25663,-0.8523,0.1661,0.40102,1.1685,-1.0137,-0.21585,-0.15155,0.78321,-0.91241,-1.6106,-0.64426,-0.51042
man,-0.094386,0.43007,-0.17224,-0.45529,1.6447,0.40335,-0.37263,0.25071,-0.10588,0.10778,-0.10848,0.15181,-0.65396,0.55054,0.59591,-0.46278,0.11847,0.64448,-0.70948,0.23947,-0.82905,1.272,0.033021,0.2935,0.3911,-2.8094,-0.70745,0.4106,0.3894,-0.2913,2.6124,-0.34576,-0.16832,0.25154,0.31216,0.31639,0.12539,-0.012646,0.22297,-0.56585,-0.086264,0.62549,-0.0576,0.29375,0.66005,-0.53115,-0.48233,-0.97925,0.53135,-0.11725
woman,-0.18153,0.64827,-0.5821,-0.49451,1.5415,1.345,-0.43305,0.58059,0.35556,-0.25184,0.20254,-0.71643,0.3061,0.56127,0.83928,-0.38085,-0.90875,0.43326,-0.014436,0.23725,-0.53799,1.7773,-0.066433,0.69795,0.69291,-2.6739,-0.76805,0.33929,0.19695,-0.35245,2.292,-0.27411,-0.30169,0.00085286,0.16923,0.091433,-0.02361,0.036236,0.34488,-0.83947,-0.25174,0.42123,0.48616,0.022325,0.5576,-0.85223,-0.23073,-1.3138,0.48764,-0.10467
queen,0.37854,1.8233,-1.2648,-0.1043,0.35829,0.60029,-0.17538,0.83767,-0.056798,-0.75795,0.22681,0.98587,0.60587,-0.31419,0.28877,0.56013,-0.77456,0.071421,-0.5741,0.21342,0.57674,0.3868,-0.12574,0.28012,0.28135,-1.8053,-1.0421,-0.19255,-0.55375,-0.054526,1.5574,0.39296,-0.2475,0.34251,0.45365,0.16237,0.52464,-0.070272,-0.83744,-1.0326,0.45946,0.25302,-0.17837,-0.73398,-0.20025,0.2347,-0.56095,-2.2839,0.0092753,-0.60284
daughter,0.37648,1.2426,-0.39739,-0.53184,1.187,1.5091,-0.84171,0.67881,-0.25809,-0.47984,0.17823,0.74667,-0.13473,-0.92361,0.95622,0.20569,-1.2239,-0.055043,0.56182,0.78077,-0.04409,1.5692,-0.066821,0.2514,1.0403,-2.1412,-0.31986,-0.77169,-0.029177,0.047146,1.4145,-0.23272,-0.34426,0.22699,0.88573,-0.20184,-0.15168,0.3621,0.6495,-0.68719,-0.068208,0.53595,-0.15289,-0.90156,0.38965,-0.523,-0.32187,-2.4262,0.30053,0.33888
prince,0.98846,1.4535,-0.53081,0.10509,0.84058,0.14018,0.066562,1.3341,-0.75813,-0.35223,0.16588,1.0016,0.019623,-0.66392,0.092825,0.25132,-0.16274,-0.11954,-0.50072,0.67374,0.66886,-0.038679,0.20223,-0.15211,0.12169,-1.8324,-0.85664,-0.62454,-0.31896,0.60221,1.411,0.50157,-0.11413,0.51808,0.847,0.17618,-0.035265,0.56405,-0.38524,0.6027,0.34331,1.1836,-0.37197,-1.1069,0.00012758,-0.18202,-1.3696,-1.497,0.40618,-0.42445
throne,0.71505,1.1364,-0.25191,-0.48566,1.2189,0.45772,0.61981,0.93363,-1.1854,-0.67123,0.5642,0.98095,0.14252,-0.32461,0.28966,1.0787,-0.86135,-0.77322,-0.034978,0.40924,0.14894,-0.61436,-0.35254,-0.47446,0.30277,-1.6837,-0.71915,-0.95676,-0.54609,0.88295,0.85682,0.32365,-1.0803,0.73911,0.44183,-0.23308,-0.002014,0.49093,-1.179,-0.41651,0.14445,0.12953,-0.56571,0.385,-1.3625,-0.30518,-0.58436,-2.3253,-0.078566,-1.7674
princess,1.4992,1.6053,-1.1699,0.69597,0.63491,1.0803,-0.15271,1.0974,-0.12842,-0.74608,0.59572,0.76493,0.18664,-0.47217,0.72322,0.48368,-1.4334,-0.032644,-0.1652,0.38196,0.71329,0.89524,-0.26091,0.44074,0.52343,-1.2422,-1.8396,-0.10232,-0.081415,-0.087913,0.91303,0.69385,0.26242,1.0921,0.66015,-0.19193,-0.028172,-0.13914,-0.54633,-0.75658,0.45368,0.066445,0.49774,-1.2702,0.10915,-0.46564,-0.65682,-2.0678,0.72255,-0.35506
walked,-0.10926,0.047737,0.21253,-0.39287,1.3565,-0.25349,-1.5865,0.97751,-0.35614,-0.60663,-0.6507,-0.50638,-0.85884,0.77379,0.21754,-0.69561,-0.063985,-0.27076,-0.25315,-0.85065,-0.31324,0.89262,-0.093204,-0.067514,0.33944,-1.166,1.1361,0.84873,0.29526,-1.3572,1.8578,0.29875,0.13249,0.64662,-0.17327,-0.13654,0.41622,0.27831,0.35098,0.79082,-0.64375,0.45849,-0.61147,0.36344,0.14084,-0.77878,-0.56598,-1.2209,-0.61706,-0.27368
walk,0.41281,0.9111,-0.078414,-0.46515,0.61895,-0.44519,-0.87504,0.56701,0.49514,-0.21485,-0.83541,-0.29613,-0.28876,0.53828,0.43055,-0.057304,0.71466,-0.17082,-0.30146,-0.80056,-0.21391,0.41419,-0.37661,0.58611,0.87291,-0.87558,0.41582,0.36177,0.73332,-1.2614,2.5127,0.72621,-0.26803,0.41676,-0.32908,-0.084007,0.69154,0.10406,0.078041,0.38302,-0.52088,-0.09671,-0.48499,0.8369,-0.21648,-0.6175,0.28083,-1.5188,-0.36781,0.27547
swim,-0.22695,0.6334,-0.13908,0.33332,-0.90342,-0.31055,-0.68992,0.41943,1.1268,-0.53693,0.44282,0.14453,0.38272,0.68601,0.55451,0.40705,0.71338,0.76533,-1.5577,-0.92321,-0.27395,0.75164,0.73793,0.48317,1.329,-0.41153,0.48574,0.11825,-0.0401,-0.92616,1.3008,1.1278,-0.62128,0.25497,-0.51674,-0.057113,0.27471,0.19096,-0.0473,-0.67487,-0.40428,-0.82328,0.49732,1.0048,0.19551,-0.92858,1.0085,-1.3224,-0.19241,0.15404
swam,-0.35303,0.36953,0.47266,0.013832,-0.16484,-0.52687,-0.73986,1.2058,1.1147,-0.46772,0.17928,-0.59239,0.25257,0.43449,0.67023,-0.28594,0.73105,0.31828,-1.5825,-0.35711,-0.12347,1.3207,0.90049,0.12197,1.4916,-0.54105,1.2264,0.33936,-0.33048,-0.35457,-0.096055,0.050327,0.12475,-0.022816,-0.35395,-0.43186,0.03712,0.71439,-0.015775,-0.46025,-0.38091,-0.65412,1.2373,0.77759,0.063607,-1.4376,0.24166,-1.5705,-0.10645,-0.82711
raced,-0.28907,-0.58222,0.82493,-0.18317,-0.73357,-0.31136,-1.3525,0.74362,-0.053522,-0.35035,0.070969,-0.73085,-1.1876,0.075714,0.072985,-0.48,0.26172,0.30969,-1.3877,-1.1074,-0.29522,0.36975,0.036789,0.19706,0.67996,-0.58947,0.34705,0.061123,0.13606,-0.23273,1.0883,0.66609,0.10646,0.39429,0.43837,0.062159,0.0038541,0.83766,-0.18361,-0.26696,-0.16925,-0.34641,0.17619,-0.081769,0.14875,-0.21654,0.22659,-1.1891,0.20626,-0.92265
rowed,-0.037909,-0.26414,-0.10244,-1.0399,-0.95457,-0.25209,-0.8295,0.50766,0.19939,-0.83867,0.15796,0.50949,-0.14721,0.23473,-0.68168,-0.46726,0.3747,1.0044,-1.2707,-0.80907,0.22461,1.1099,1.0973,0.16779,1.2112,-0.19819,0.79176,-0.020691,-1.0632,-0.29477,-0.50468,0.75969,-0.14877,0.66494,0.16923,-0.38411,-0.34192,0.72146,-0.058506,-0.0013233,0.014603,-0.69522,0.29607,0.966,-0.4759,-0.50285,0.4617,-0.94738,-0.66418,-1.1473
swimmers,-0.70581,0.67458,0.24207,0.49888,-1.1073,-0.053788,-0.056887,0.60687,0.82976,-0.14785,0.92929,-0.10099,0.2447,0.71756,0.47343,-0.46558,0.4782,0.3162,-1.4609,-1.4851,-0.98753,0.61364,1.2,0.10453,0.85804,-0.2894,0.34517,-0.59349,-0.76485,-0.17951,0.89833,1.234,0.17477,-0.40776,0.42297,0.047202,0.34158,0.75304,-0.80951,-0.55389,-0.62366,-0.59927,1.8207,0.89472,1.2952,-1.0214,0.096998,-0.57012,0.29742,-0.64483
swims,0.015116,0.34439,-0.28968,-0.080292,-0.28514,-0.093496,-0.13837,0.51893,1.3238,0.0052105,0.022699,0.012127,0.37174,0.5787,0.18572,-0.35505,0.65885,0.57437,-1.3379,-0.36671,-0.090294,0.34849,0.69694,0.34033,1.5827,-0.15433,0.94759,0.46385,0.060254,-0.28547,-0.04433,0.66935,0.42609,0.6419,-0.71673,-0.295,-0.33811,0.8085,0.059171,0.11426,-0.039943,-0.25224,0.15821,1.0574,0.050128,-0.81041,0.87991,-0.9702,-0.1777,-0.21024
paris,0.76989,1.181,-1.1299,-0.74725,-0.5969,-1.0518,-0.46552,0.27009,-0.99243,-0.04864,0.28642,-0.75261,-1.0566,-0.19205,0.572,-0.24391,-0.36054,-0.70876,-0.91951,-0.27024,1.5131,1.0313,-0.55713,0.52952,-0.71494,-1.0949,-0.60565,0.31329,-0.44488,0.55915,2.1429,0.43389,-0.5529,-0.24261,-0.43679,-0.96014,0.25828,0.79385,0.37132,0.49623,0.84359,-0.25875,1.5616,-1.1199,0.091676,0.076675,-0.45084,-0.86104,0.97599,-0.35615
france,0.66571,0.29845,-1.0467,-0.66932,-0.78082,-0.00013007,-0.17931,0.3711,-0.18622,-0.40535,0.98644,-0.60545,-0.94571,-0.69207,0.56681,-0.3861,0.027634,-1.2464,-0.73561,-0.52222,-0.061766,0.16771,-0.37462,0.4225,-0.63095,-1.636,-0.25094,0.04495,-0.39758,0.98099,2.6293,0.8348,-0.77338,0.39402,-0.57976,-1.029,-0.26709,0.98714,-0.51029,-0.42477,1.3956,-0.029347,2.2295,-1.7079,0.025562,0.6906,-0.579,-0.17824,0.42916,-0.5394
spain,1.1595,0.21344,-0.36298,1.0122,-0.18473,-0.30199,-0.35055,0.8532,-0.71617,0.35008,1.1401,-0.58245,-0.33837,-0.36144,1.1036,-0.85338,-0.37948,-1.2075,-0.44249,0.10017,-1.0162,-0.76619,-0.6012,0.76406,-0.20989,-1.0587,0.4871,-0.63722,-0.35631,0.30415,2.6428,0.52948,-0.64095,0.11115,-0.44187,-0.54406,-0.67595,0.69745,-0.37146,-0.19252,0.54152,0.29873,1.4091,-1.291,-0.57823,0.52369,-0.44592,-0.61992,0.56161,-0.94449
aires,0.18638,0.11138,-0.65238,0.66145,-0.77099,-1.8572,-0.28219,0.58064,-1.5968,0.79048,0.5328,-0.91154,0.16149,-0.24435,0.43773,-0.6759,-0.77831,0.31338,-0.49052,0.73553,0.51708,0.0507,-0.32717,0.71046,-0.65911,-0.61486,0.20817,0.2731,-0.50937,-0.20148,1.5885,-0.29009,-0.33638,-0.57234,-0.16926,-0.58917,-0.23112,0.083923,0.96308,0.56659,-0.58456,0.085022,0.87657,-0.86745,-0.56685,0.082392,-0.44668,-0.70567,1.3066,-0.64941
buenos,0.21663,0.18532,-0.71249,0.73056,-0.87362,-1.9513,-0.29937,0.64576,-1.6402,0.67046,0.49203,-0.91617,0.20103,-0.34859,0.48072,-0.74027,-0.74175,0.42004,-0.54214,0.65442,0.39537,-0.095214,-0.48421,0.72836,-0.65692,-0.50916,0.14939,0.28233,-0.4531,-0.19578,1.4873,-0.31087,-0.33681,-0.58787,-0.28933,-0.4507,-0.37786,0.12216,0.87163,0.5263,-0.55565,-0.044261,0.8568,-0.89816,-0.56221,0.01586,-0.35687,-0.71743,1.0663,-0.61784
madrid,1.3315,0.72181,-0.060088,0.43948,0.18419,-1.5083,-0.48125,0.46037,-1.4088,1.2701,0.68031,-0.59232,-1.6325,-0.30376,0.87685,-0.75531,-0.37583,-0.5363,-1.0669,0.45537,-0.66694,0.43001,-0.69525,0.67518,-0.93783,-0.67933,1.1104,0.37576,-0.36894,-0.083185,2.0346,0.96286,-0.56629,-0.7787,-0.10705,-0.14102,0.07384,0.62338,0.20366,0.0076751,0.71088,0.01501,0.53186,-0.82256,-0.35087,0.30876,-0.065328,0.23722,1.4692,-0.93469
rome,1.7328,0.74491,-0.90946,-0.61916,0.11515,-1.3528,-0.044927,0.15027,-1.2333,-0.085559,-0.088266,-0.29123,-0.65817,-0.53225,1.1005,-0.51414,-0.78475,-0.30087,-0.55898,0.93097,0.045988,-0.077539,-0.66556,0.3753,0.0024896,-1.2641,0.078016,-0.12052,-1.0292,-0.047419,1.7711,0.28545,-0.48243,-0.50638,-0.7063,-0.067205,0.49704,0.95463,-0.30081,0.62246,0.44981,0.0045407,0.52488,-0.23153,-0.32818,0.80113,-0.48159,-0.58455,-0.11393,-0.82938
santiago,0.70676,0.43514,-0.41123,0.71633,0.28926,-2.0176,-0.23207,0.91121,-0.7169,0.93667,0.20823,-0.26127,0.13697,-0.66148,0.274,-1.1106,-0.39522,-0.30878,-0.34691,0.18057,-0.75633,-0.10261,-0.49613,0.15554,-0.49761,-0.35131,1.3663,0.24104,-0.44807,-0.41435,1.3151,-0.41787,-0.049958,-0.82568,-0.15385,-0.29289,-0.047519,0.18821,0.57661,0.53407,-0.088311,1.0962,0.1829,-1.1288,-0.76123,0.12485,-0.50406,-1.4572,0.60441,-0.14891
good,-0.35586,0.5213,-0.6107,-0.30131,0.94862,-0.31539,-0.59831,0.12188,-0.031943,0.55695,-0.10621,0.63399,-0.4734,-0.075895,0.38247,0.081569,0.82214,0.2222,-0.0083764,-0.7662,-0.56253,0.61759,0.20292,-0.048598,0.87815,-1.6549,-0.77418,0.15435,0.94823,-0.3952,3.7302,0.82855,-0.14104,0.016395,0.21115,-0.036085,-0.15587,0.86583,0.26309,-0.71015,-0.03677,0.0018282,-0.17704,0.27032,0.11026,0.14133,-0.057322,0.27207,0.31305,0.92771
great,-0.026567,1.3357,-1.028,-0.3729,0.52012,-0.12699,-0.35433,0.37824,-0.29716,0.093894,-0.034122,0.92961,-0.14023,-0.63299,0.020801,-0.21533,0.96923,0.47654,-1.0039,-0.24013,-0.36325,-0.004757,-0.5148,-0.4626,1.2447,-1.8316,-1.5581,-0.37465,0.53362,0.20883,3.2209,0.64549,0.37438,-0.17657,-0.024164,0.33786,-0.419,0.40081,-0.11449,0.051232,-0.15205,0.29855,-0.44052,0.11089,-0.24633,0.66251,-0.26949,-0.49658,-0.41618,-0.2549
excellent,-0.40431,0.78002,-0.67538,-0.097149,0.54242,-0.51283,-0.47758,-0.11429,0.55194,0.4953,0.25681,0.41516,0.38223,0.033936,-0.51981,-0.5752,0.50975,0.44029,-0.16885,-0.75687,-0.36747,0.37269,-0.0867,-0.31057,0.7034,-0.46849,-0.47845,0.15794,0.23969,0.16104,2.7632,0.33381,0.47953,-0.3731,0.71095,0.6879,0.067399,1.4177,-0.3563,-0.48159,0.53281,-0.074593,0.016028,0.023371,-0.02953,-0.12463,0.12501,0.72255,0.4759,0.79514
bad,-0.17981,-0.40407,-0.1653,-0.60687,-0.39656,0.12688,-0.053049,0.38024,-0.51008,0.46593,-0.30818,0.79362,-0.85766,-0.25143,1.0448,0.18628,0.13688,0.092588,-0.2236,-0.13604,-0.19482,0.057702,0.56133,0.24823,0.627,-1.8437,-1.2573,0.64482,1.2787,-0.29522,3.0493,0.62079,0.90369,-0.030099,-0.13091,0.30525,-0.070138,-0.12912,0.72277,-0.79774,-0.70277,0.038009,0.27192,0.35679,0.26493,0.13037,-0.01369,0.33713,0.99956,0.72031
cat,0.45281,-0.50108,-0.53714,-0.015697,0.22191,0.54602,-0.67301,-0.6891,0.63493,-0.19726,0.33685,0.7735,0.90094,0.38488,0.38367,0.2657,-0.08057,0.61089,-1.2894,-0.22313,-0.61578,0.21697,0.35614,0.44499,0.60885,-1.1633,-1.1579,0.36118,0.10466,-0.78325,1.4352,0.18629,-0.26112,0.83275,-0.23123,0.32481,0.14485,-0.44552,0.33497,-0.95946,-0.097479,0.48138,-0.43352,0.69455,0.91043,-0.28173,0.41637,-1.2609,0.71278,0.23782
dog,0.11008,-0.38781,-0.57615,-0.27714,0.70521,0.53994,-1.0786,-0.40146,1.1504,-0.5678,0.0038977,0.52878,0.64561,0.47262,0.48549,-0.18407,0.1801,0.91397,-1.1979,-0.5778,-0.37985,0.33606,0.772,0.75555,0.45506,-1.7671,-1.0503,0.42566,0.41893,-0.68327,1.5673,0.27685,-0.61708,0.64638,-0.076996,0.37118,0.1308,-0.45137,0.25398,-0.74392,-0.086199,0.24068,-0.64819,0.83549,1.2502,-0.51379,0.04224,-0.88118,0.7158,0.38519
horse,-0.20454,0.23321,-0.59158,-0.29205,0.29391,0.31169,-0.94937,0.055974,1.0031,-1.0761,-0.0094648,0.18381,-0.048405,-0.35717,0.26004,-0.41028,0.51489,1.2009,-1.6136,-1.1003,-0.23455,-0.81654,-0.15103,0.37068,0.477,-1.7027,-1.2183,0.038898,0.23327,0.028245,1.6588,0.26703,-0.29938,0.99149,0.34263,0.15477,0.028372,0.56276,-0.62823,-0.67923,-0.163,-0.49922,-0.8599,0.85469,0.75059,-1.0399,-0.11033,-1.4237,0.65984,-0.3198
mouse,0.92126,-0.81902,0.23245,0.52219,0.51949,0.88641,-0.39156,-1.5406,0.60995,0.22859,0.62091,0.66589,0.72291,0.66718,0.10358,0.5369,-0.14446,0.48026,-0.80902,-0.35139,-0.61242,-0.53007,0.11605,0.48692,0.95751,-0.69058,-0.19449,0.12434,-0.1614,-1.5485,1.5875,-0.083181,-0.60285,-0.045127,-0.28487,0.5245,-0.15309,-0.10653,-0.11039,-0.6564,0.10237,0.61861,-1.0989,0.32814,0.74616,-0.132,1.6579,-1.1101,-0.029862,0.087264
mat,-1.0064,-0.0084918,-0.21882,0.19259,0.085985,-0.47708,0.5278,-1.0737,0.851,-0.23159,0.26733,0.3633,-0.65024,0.50506,-0.2323,0.86697,0.75192,-0.38773,-0.041066,-0.35858,-0.69676,0.40172,0.72234,-0.1237,-0.082906,-0.086706,0.72723,0.5204,-0.12146,-0.013396,0.65161,0.3336,-0.62145,0.9483,-0.20639,0.87697,0.8742,0.23274,0.15497,0.50984,0.44702,0.76693,-1.0351,0.5809,0.8798,-0.33926,0.24575,-1.3795,0.1482,-0.29172
on,0.30045,0.25006,-0.16692,0.1923,0.026921,-0.079486,-0.91383,-0.1974,-0.053413,-0.40846,-0.26844,-0.28212,-0.5,0.1221,0.3903,0.17797,-0.4429,-0.40478,-0.9505,-0.16897,0.77793,0.33525,0.3346,-0.1754,-0.12017,-1.7861,0.29241,0.55933,0.029982,-0.32417,3.9297,0.1088,-0.57335,-0.17842,0.0041748,-0.16309,0.45077,-0.16123,-0.17311,-0.087889,-0.089032,0.062001,-0.19946,-0.38863,-0.18232,0.060751,0.098603,-0.07131,0.23052,-0.51939
apple,0.52042,-0.8314,0.49961,1.2893,0.1151,0.057521,-1.3753,-0.97313,0.18346,0.47672,-0.15112,0.35532,0.25912,-0.77857,0.52181,0.47695,-1.4251,0.858,0.59821,-1.0903,0.33574,-0.60891,0.41742,0.21569,-0.07417,-0.5822,-0.4502,0.17253,0.16448,-0.38413,2.3283,-0.66682,-0.58181,0.74389,0.095015,-0.47865,-0.84591,0.38704,0.23693,-1.5523,0.64802,-0.16521,-1.4719,-0.16224,0.79857,0.97391,0.40027,-0.21912,-0.30938,0.26581
banana,-0.25522,-0.75249,-0.86655,1.1197,0.12887,1.0121,-0.57249,-0.36224,0.44341,-0.12211,0.073524,0.21387,0.96744,-0.068611,0.51452,-0.053425,-0.21966,0.23012,1.043,-0.77016,-0.16753,-1.0952,0.24837,0.20019,-0.40866,-0.48037,0.10674,0.5316,1.111,-0.19322,1.4768,-0.51783,-0.79569,1.7971,-0.33392,-0.14545,-1.5454,0.0135,0.10684,-0.30722,-0.54572,0.38938,0.24659,-0.85166,0.54966,0.82679,-0.68081,-0.77864,-0.028242,-0.82872
orange,-0.42783,0.43089,-0.50351,0.5776,0.097786,0.2608,-0.68767,-0.31936,-0.25337,-0.37255,-0.045907,-0.53688,0.97511,-0.44595,-0.50414,-0.086751,-1.0645,0.36625,-0.52428,-1.3413,-0.2391,-0.58808,0.56378,-0.062501,-1.7429,-0.88077,-0.27933,1.4705,0.50436,-0.69174,2.0018,0.26663,-0.85679,-0.18893,-0.021125,-0.055118,-0.50337,-0.67157,0.55502,-0.8009,0.10695,0.1459,-0.55588,-0.64971,0.22046,0.67415,-0.45119,-1.1462,0.16348,-0.62946
grape,0.23017,-0.33868,-1.4997,-0.35237,0.16379,0.44121,-0.99947,-0.92632,0.35382,0.92485,0.50485,-0.21886,1.2231,-1.4518,0.71129,-0.21506,0.83317,0.72531,0.11544,-1.5128,-1.1301,-1.5405,0.84343,0.8874,-0.54008,0.31496,-0.59696,0.91315,0.16258,0.055713,1.0624,-0.92158,-0.96032,0.44075,1.0285,-0.45583,-1.656,0.59739,0.49696,0.0047636,-0.09192,-0.11237,-0.30139,-0.81769,1.1218,0.10276,0.47661,-0.12207,-0.30815,-0.4438
computer,0.079084,-0.81504,1.7901,0.91653,0.10797,-0.55628,-0.84427,-1.4951,0.13418,0.63627,0.35146,0.25813,-0.55029,0.51056,0.37409,0.12092,-1.6166,0.83653,0.14202,-0.52348,0.73453,0.12207,-0.49079,0.32533,0.45306,-1.585,-0.63848,-1.0053,0.10454,-0.42984,3.181,-0.62187,0.16819,-1.0139,0.064058,0.57844,-0.4556,0.73783,0.37203,-0.57722,0.66441,0.055129,0.037891,1.3275,0.30991,0.50697,1.2357,0.1274,-0.11434,0.20709
